nombre,apellido,nickname,codigociudad,total-ganancias,juego,genero
Peter,Rasmussen,dupreeh,dk,1822989.41,Counter-Strike: Global Offensive,First-Person Shooter
Andreas,Højsleth,Xyp9x,dk,1799288.57,Counter-Strike: Global Offensive,First-Person Shooter
Nicolai,Reedtz,dev1ce,dk,1787489.88,Counter-Strike: Global Offensive,First-Person Shooter
Lukas,Rossander,gla1ve,dk,1652350.75,Counter-Strike: Global Offensive,First-Person Shooter
Emil,Reif,Magisk,dk,1416448.64,Counter-Strike: Global Offensive,First-Person Shooter
Jakey,Yip,Stewie2k,us,1087340.0,Counter-Strike: Global Offensive,First-Person Shooter
Epitácio,de Melo,TACO,br,1063858.27,Counter-Strike: Global Offensive,First-Person Shooter
Fernando,Alvarenga,fer,br,1063038.92,Counter-Strike: Global Offensive,First-Person Shooter
Gabriel,Toledo,FalleN,br,1059938.92,Counter-Strike: Global Offensive,First-Person Shooter
Marcelo,David,coldzera,br,1021901.46,Counter-Strike: Global Offensive,First-Person Shooter
Keith,Markovic,NAF,ca,982765.66,Counter-Strike: Global Offensive,First-Person Shooter
Finn,Andersen,karrigan,dk,964635.39,Counter-Strike: Global Offensive,First-Person Shooter
Jonathan,Jablonowski,ELiGE,us,930696.42,Counter-Strike: Global Offensive,First-Person Shooter
Nick,Cannella,nitr0,us,920151.73,Counter-Strike: Global Offensive,First-Person Shooter
Jesper,Wecksell,JW,se,897760.68,Counter-Strike: Global Offensive,First-Person Shooter
Olof,Kajbjer,olofmeister,se,880011.52,Counter-Strike: Global Offensive,First-Person Shooter
Robin,Rönnquist,flusha,se,877668.95,Counter-Strike: Global Offensive,First-Person Shooter
Freddy,Johansson,KRiMZ,se,867823.34,Counter-Strike: Global Offensive,First-Person Shooter
Russel,Van Dulken,Twistzz,ca,835376.43,Counter-Strike: Global Offensive,First-Person Shooter
Dan,Madesclaire,apEX,fr,814852.39,Counter-Strike: Global Offensive,First-Person Shooter
Nathan,Schmitt,NBK,fr,805444.66,Counter-Strike: Global Offensive,First-Person Shooter
Ladislav,Kovács,GuardiaN,sk,798520.8,Counter-Strike: Global Offensive,First-Person Shooter
Tarik,Celik,tarik,us,780039.21,Counter-Strike: Global Offensive,First-Person Shooter
Håvard,Nygaard,rain,no,763799.57,Counter-Strike: Global Offensive,First-Person Shooter
Nikola,Kovač,NiKo,ba,762802.56,Counter-Strike: Global Offensive,First-Person Shooter
Egor,Vasilyev,flamie,ru,732920.07,Counter-Strike: Global Offensive,First-Person Shooter
Kenny,Schrub,kennyS,fr,713086.68,Counter-Strike: Global Offensive,First-Person Shooter
Daniil,Teslenko,Zeus,ua,689568.7,Counter-Strike: Global Offensive,First-Person Shooter
Alexander,Kostylev,s1mple,ua,677155.31,Counter-Strike: Global Offensive,First-Person Shooter
Richard,Papillon,shox,fr,660640.55,Counter-Strike: Global Offensive,First-Person Shooter
Janusz,Pogorzelski,snax,pl,653938.44,Counter-Strike: Global Offensive,First-Person Shooter
Markus,Kjærbye,Kjaerbye,dk,617000.5,Counter-Strike: Global Offensive,First-Person Shooter
Ioann,Sukharev,Edward,ua,613854.6,Counter-Strike: Global Offensive,First-Person Shooter
Filip,Kubski,neo,pl,606880.52,Counter-Strike: Global Offensive,First-Person Shooter
Chris,de Jong,chrisJ,nl,596748.79,Counter-Strike: Global Offensive,First-Person Shooter
Wiktor,Wojtas,TaZ,pl,591510.89,Counter-Strike: Global Offensive,First-Person Shooter
Will,Wierzba,Rush,us,586616.0,Counter-Strike: Global Offensive,First-Person Shooter
Jarosław,Jarząbkowski,pashaBiceps,pl,577382.35,Counter-Strike: Global Offensive,First-Person Shooter
Paweł,Bieliński,byali,pl,574103.56,Counter-Strike: Global Offensive,First-Person Shooter
Patrik,Lindberg,f0rest,se,547205.97,Counter-Strike: Global Offensive,First-Person Shooter
Denis,Sharipov,electroNic,ru,531541.99,Counter-Strike: Global Offensive,First-Person Shooter
Christopher,Alesund,GeT_RiGhT,se,517888.39,Counter-Strike: Global Offensive,First-Person Shooter
Richard,Landström,Xizt,se,513805.74,Counter-Strike: Global Offensive,First-Person Shooter
Robin,Kool,ropz,ee,506010.74,Counter-Strike: Global Offensive,First-Person Shooter
Cédric,Guipouy,RpK,fr,498887.62,Counter-Strike: Global Offensive,First-Person Shooter
Vincent,Schopenhauer,Happy,fr,485910.46,Counter-Strike: Global Offensive,First-Person Shooter
Peter,Jarguz,stanislaw,ca,481487.38,Counter-Strike: Global Offensive,First-Person Shooter
Jonas,Olofsson,Lekr0,se,464499.26,Counter-Strike: Global Offensive,First-Person Shooter
Timothy,Ta,autimatic,us,449799.56,Counter-Strike: Global Offensive,First-Person Shooter
Maikil,Selim,Golden,se,448642.48,Counter-Strike: Global Offensive,First-Person Shooter
Tyler,Latham,Skadoodle,us,437479.98,Counter-Strike: Global Offensive,First-Person Shooter
Aleksi,Jalli,allu,fi,418492.59,Counter-Strike: Global Offensive,First-Person Shooter
Renè,Borg,cajunb,dk,417465.86,Counter-Strike: Global Offensive,First-Person Shooter
Dauren,Kystaubayev,AdreN,kz,414305.65,Counter-Strike: Global Offensive,First-Person Shooter
Adam,Friberg,friberg,se,407662.41,Counter-Strike: Global Offensive,First-Person Shooter
Kristian,Wienecke,k0nfig,dk,403005.81,Counter-Strike: Global Offensive,First-Person Shooter
Vincent,Cayonte,Brehze,us,391973.94,Counter-Strike: Global Offensive,First-Person Shooter
Ethan,Arnold,nahtE,us,389680.38,Counter-Strike: Global Offensive,First-Person Shooter
Lincoln,Lau,fnx,br,387551.81,Counter-Strike: Global Offensive,First-Person Shooter
Ricardo,Prass,boltz,br,382208.97,Counter-Strike: Global Offensive,First-Person Shooter
Fabien,Fiey,KIOSHIMA,fr,378500.99,Counter-Strike: Global Offensive,First-Person Shooter
Cvetelin,Nikolov,CeRq,bg,375765.04,Counter-Strike: Global Offensive,First-Person Shooter
Dennis,Edman,dennis,se,361678.02,Counter-Strike: Global Offensive,First-Person Shooter
Mathias,Lauridsen,MSL,dk,349557.33,Counter-Strike: Global Offensive,First-Person Shooter
Denis,Kostin,seized,ru,339091.34,Counter-Strike: Global Offensive,First-Person Shooter
Tomáš,Šťastný,oskar,cz,335508.19,Counter-Strike: Global Offensive,First-Person Shooter
Mathieu,Herbaut,ZywOo,fr,333711.15,Counter-Strike: Global Offensive,First-Person Shooter
Philip,Aistrup,aizy,dk,332671.67,Counter-Strike: Global Offensive,First-Person Shooter
Miikka,Kemppi,suNny,fi,326080.0,Counter-Strike: Global Offensive,First-Person Shooter
Valdemar,Vangså,Valde,dk,323423.04,Counter-Strike: Global Offensive,First-Person Shooter
João,Vasconcellos,felps,br,323127.22,Counter-Strike: Global Offensive,First-Person Shooter
Mikhail,Stolyarov,Dosia,ru,307601.25,Counter-Strike: Global Offensive,First-Person Shooter
Can,Dörtkardes,XANTARES,tr,307129.97,Counter-Strike: Global Offensive,First-Person Shooter
Alexandre,Pianaro,bodyy,fr,306178.43,Counter-Strike: Global Offensive,First-Person Shooter
Martin,Styk,STYKO,sk,305655.12,Counter-Strike: Global Offensive,First-Person Shooter
Özgür,Eker,woxic,tr,302884.33,Counter-Strike: Global Offensive,First-Person Shooter
Fredrik,Sterner,REZ,se,284845.29,Counter-Strike: Global Offensive,First-Person Shooter
Aleksi,Virolainen,Aleksib,fi,276730.92,Counter-Strike: Global Offensive,First-Person Shooter
Alexey,Golubev,Qikert,kz,275404.13,Counter-Strike: Global Offensive,First-Person Shooter
Rustem,Tlepov,mou,kz,273859.49,Counter-Strike: Global Offensive,First-Person Shooter
Timur,Tulepov,Buster,kz,273784.13,Counter-Strike: Global Offensive,First-Person Shooter
Ali,Dzhami,Jame,ru,273117.72,Counter-Strike: Global Offensive,First-Person Shooter
Christophe,Xia,SIXER,fr,272602.0,Counter-Strike: Global Offensive,First-Person Shooter
Abay,Khasenov,HObbit,kz,269977.5,Counter-Strike: Global Offensive,First-Person Shooter
Edouard,Dubourdeaux,SmithZz,fr,269446.78,Counter-Strike: Global Offensive,First-Person Shooter
David,Čerňanský,frozen,sk,265131.4,Counter-Strike: Global Offensive,First-Person Shooter
Valentin,Vasilev,poiz0n,bg,260987.54,Counter-Strike: Global Offensive,First-Person Shooter
Damian,Steele,daps,ca,260797.63,Counter-Strike: Global Offensive,First-Person Shooter
Simon,Eliasson,twist,se,260721.09,Counter-Strike: Global Offensive,First-Person Shooter
Henrique,Teles,hen1,br,256374.45,Counter-Strike: Global Offensive,First-Person Shooter
Adil,Benrlitom,ScreaM,be,249663.46,Counter-Strike: Global Offensive,First-Person Shooter
Oscar,Cañellas,mixwell,es,247538.65,Counter-Strike: Global Offensive,First-Person Shooter
Johannes,Wodarz,tabseN,de,247248.57,Counter-Strike: Global Offensive,First-Person Shooter
Alex,McMeekin,ALEX,gb,245208.72,Counter-Strike: Global Offensive,First-Person Shooter
Damian,Kisłowski,Furlan,pl,244070.27,Counter-Strike: Global Offensive,First-Person Shooter
HaoWen,Xu,somebody,cn,242273.51,Counter-Strike: Global Offensive,First-Person Shooter
Jordan,Gilbert,n0thing,us,239956.42,Counter-Strike: Global Offensive,First-Person Shooter
Karol,Rodowicz,rallen,pl,234332.17,Counter-Strike: Global Offensive,First-Person Shooter
Francois,Delaunay,Amanek,fr,233210.47,Counter-Strike: Global Offensive,First-Person Shooter
Sanjar,Kuliev,SANJI,uz,232167.42,Counter-Strike: Global Offensive,First-Person Shooter
Johan,Sundstein,N0tail,dk,6952596.58,Dota 2,Multiplayer Online Battle Arena
Jesse,Vainikka,JerAx,fi,6470000.02,Dota 2,Multiplayer Online Battle Arena
Anathan,Pham,ana,au,6000411.96,Dota 2,Multiplayer Online Battle Arena
Sébastien,Debs,Ceb,fr,5554297.41,Dota 2,Multiplayer Online Battle Arena
Topias,Taavitsainen,Topson,fi,5470902.57,Dota 2,Multiplayer Online Battle Arena
Kuro,Takhasomi,KuroKy,de,5193382.81,Dota 2,Multiplayer Online Battle Arena
Amer,Al-Barkawi,Miracle-,jo,4798043.68,Dota 2,Multiplayer Online Battle Arena
Ivan,Ivanov,MinD_ContRoL,bg,4579118.16,Dota 2,Multiplayer Online Battle Arena
Maroun,Merhej,GH,lb,4193412.69,Dota 2,Multiplayer Online Battle Arena
Lasse,Urpalainen,Matumbaman,fi,3765369.04,Dota 2,Multiplayer Online Battle Arena
Sumail,Hassan,SumaiL,pk,3608317.34,Dota 2,Multiplayer Online Battle Arena
Saahil,Arora,UNiVeRsE,us,3057237.67,Dota 2,Multiplayer Online Battle Arena
Peter,Dager,ppd,us,2995619.62,Dota 2,Multiplayer Online Battle Arena
Lu,Yao,Somnus丶M,cn,2984982.14,Dota 2,Multiplayer Online Battle Arena
Linsen,Xu,fy,cn,2894690.34,Dota 2,Multiplayer Online Battle Arena
Clement,Ivanov,Puppey,ee,2864004.17,Dota 2,Multiplayer Online Battle Arena
Clinton,Loomis,Fear,us,2551657.34,Dota 2,Multiplayer Online Battle Arena
Gustav,Magnusson,s4,se,2545626.14,Dota 2,Multiplayer Online Battle Arena
Ludwig,Wåhlberg,Zai,se,2504134.31,Dota 2,Multiplayer Online Battle Arena
Tal,Aizik,Fly,il,2381155.91,Dota 2,Multiplayer Online Battle Arena
Aliwi,Omar,w33,ro,2275625.58,Dota 2,Multiplayer Online Battle Arena
Artour,Babaev,Arteezy,ca,2257053.21,Dota 2,Multiplayer Online Battle Arena
Chunyu,Wang,Ame,cn,2244012.27,Dota 2,Multiplayer Online Battle Arena
Zhang,Yiping,y`,cn,2097095.28,Dota 2,Multiplayer Online Battle Arena
Zhang,Ruida,Faith_bian,cn,2078534.86,Dota 2,Multiplayer Online Battle Arena
Andreas,Nielsen,Cr1t,dk,2007841.6,Dota 2,Multiplayer Online Battle Arena
Kurtis,Ling,Aui_2000,ca,2006311.11,Dota 2,Multiplayer Online Battle Arena
Peng,Li,iceice,cn,2002159.51,Dota 2,Multiplayer Online Battle Arena
Chu,Zeyu,Shadow,cn,1982225.7,Dota 2,Multiplayer Online Battle Arena
Zhou,Yang,bLink,cn,1960956.47,Dota 2,Multiplayer Online Battle Arena
Jianwei,Yap,xNova,my,1882492.98,Dota 2,Multiplayer Online Battle Arena
Shenyi,Yang,Chalice,cn,1848849.88,Dota 2,Multiplayer Online Battle Arena
Ning,Zhang,xiao8,cn,1830094.33,Dota 2,Multiplayer Online Battle Arena
Damien,Chok,kpii,au,1809225.3,Dota 2,Multiplayer Online Battle Arena
Roman,Kushnarev,RAMZES666,ru,1787796.92,Dota 2,Multiplayer Online Battle Arena
Liangzhi,Hu,KaKa,cn,1787083.53,Dota 2,Multiplayer Online Battle Arena
Yeik Nai,Zheng,MidOne,my,1781891.47,Dota 2,Multiplayer Online Battle Arena
Alexei,Berezin,Solo,ru,1778125.61,Dota 2,Multiplayer Online Battle Arena
Zhihao,Chen,Hao,cn,1755205.74,Dota 2,Multiplayer Online Battle Arena
Hongda,Zeng,Faith,cn,1745944.26,Dota 2,Multiplayer Online Battle Arena
Pavel,Khvastunov,9pasha,ru,1713179.57,Dota 2,Multiplayer Online Battle Arena
Vladimir,Minenko,Noone,ua,1617323.45,Dota 2,Multiplayer Online Battle Arena
Junhao,Xie,Super,cn,1598492.49,Dota 2,Multiplayer Online Battle Arena
Daryl Pei Xiang,Koh,iceiceice,sg,1553261.96,Dota 2,Multiplayer Online Battle Arena
Yazied,Jaradat,YapzOr,jo,1533698.67,Dota 2,Multiplayer Online Battle Arena
Rasmus,Fillipsen,MiSeRy,dk,1484921.92,Dota 2,Multiplayer Online Battle Arena
Roman,Fominok,Resolut1on,ua,1460470.75,Dota 2,Multiplayer Online Battle Arena
Chao,Lu,Fenrir,cn,1402208.92,Dota 2,Multiplayer Online Battle Arena
Pan,Zhang,Mu,cn,1386339.43,Dota 2,Multiplayer Online Battle Arena
Zhicheng,Zhang,LaNm,cn,1348804.67,Dota 2,Multiplayer Online Battle Arena
Fa Ming,Liang,DDC,mo,1337308.37,Dota 2,Multiplayer Online Battle Arena
Vladimir,Nikogosyan,RodjER,ru,1325834.13,Dota 2,Multiplayer Online Battle Arena
Adrian,Trinks,FATA,de,1314968.82,Dota 2,Multiplayer Online Battle Arena
Chun,Song,Sccc,cn,1272450.74,Dota 2,Multiplayer Online Battle Arena
Wang,Jiao,Banana,cn,1271085.0,Dota 2,Multiplayer Online Battle Arena
Xu,Han,Moogy,cn,1221917.1,Dota 2,Multiplayer Online Battle Arena
Jiajun,Liu,Sylar,cn,1212757.14,Dota 2,Multiplayer Online Battle Arena
Ren,Yangwei,eLeVeN,cn,1211710.47,Dota 2,Multiplayer Online Battle Arena
Zhaohui,Wang,SanSheng,cn,1202225.88,Dota 2,Multiplayer Online Battle Arena
Zhengzheng,Yao,Yao,cn,1186002.61,Dota 2,Multiplayer Online Battle Arena
Zengrong,Lei,MMY!,cn,1100271.44,Dota 2,Multiplayer Online Battle Arena
Bin,Fu,Q,cn,1081544.74,Dota 2,Multiplayer Online Battle Arena
Martin,Sazdov,Saksa,mk,1046689.75,Dota 2,Multiplayer Online Battle Arena
Yee Fung,Chai,Mushi,my,1023582.18,Dota 2,Multiplayer Online Battle Arena
Chengjun,Zhang,Paparazi,cn,1001723.8,Dota 2,Multiplayer Online Battle Arena
Johan,Åström,pieliedie,se,989390.86,Dota 2,Multiplayer Online Battle Arena
Jacky,Mao,EternaLEnVy,ca,987072.69,Dota 2,Multiplayer Online Battle Arena
Michał,Jankowski,Nisha,pl,933853.71,Dota 2,Multiplayer Online Battle Arena
Ilya,Ilyuk,Lil,ua,917449.86,Dota 2,Multiplayer Online Battle Arena
Zheng,Sun,Agressif,cn,871452.21,Dota 2,Multiplayer Online Battle Arena
Zhilei,Xu,BurNIng,cn,865656.21,Dota 2,Multiplayer Online Battle Arena
David,Tan,MoonMeander,ca,845345.4,Dota 2,Multiplayer Online Battle Arena
Jiaoyang,Zeng,Ori,cn,830696.89,Dota 2,Multiplayer Online Battle Arena
David,Hull,Moo,us,822916.86,Dota 2,Multiplayer Online Battle Arena
Haiyang,Zhou,Yang,cn,821961.68,Dota 2,Multiplayer Online Battle Arena
Peng,Du,Monet,cn,813169.73,Dota 2,Multiplayer Online Battle Arena
Danil,Ishutin,Dendi,ua,801915.23,Dota 2,Multiplayer Online Battle Arena
Djardel Jicko,Mampusti,DJ,ph,798597.31,Dota 2,Multiplayer Online Battle Arena
Tue Soon,Chuan,Ah-fu,my,781396.55,Dota 2,Multiplayer Online Battle Arena
Fan,Bai,rOtK,cn,780761.31,Dota 2,Multiplayer Online Battle Arena
Timothy,Randrup,Tims,ph,770563.75,Dota 2,Multiplayer Online Battle Arena
Marcus,Hoelgaard,Ace,dk,734369.52,Dota 2,Multiplayer Online Battle Arena
Hock Chuan,Wong,ChuaN,my,714049.53,Dota 2,Multiplayer Online Battle Arena
Kuku,Palad,KuKU,ph,710464.63,Dota 2,Multiplayer Online Battle Arena
Xinzhou,Liu,garder,cn,705536.2,Dota 2,Multiplayer Online Battle Arena
Jonathan,Berg,Loda,se,698363.52,Dota 2,Multiplayer Online Battle Arena
Zezhi,Chen,Xz,cn,692327.42,Dota 2,Multiplayer Online Battle Arena
Jerry,Lundqvist,EGM,se,679039.12,Dota 2,Multiplayer Online Battle Arena
Oleksandr,Dashkevych,XBOCT,ua,661271.48,Dota 2,Multiplayer Online Battle Arena
Jiwei,Huang,Shiki,cn,653514.33,Dota 2,Multiplayer Online Battle Arena
Joakim,Akterhall,Akke,se,643143.08,Dota 2,Multiplayer Online Battle Arena
Pan,Yi,Fade,cn,641178.98,Dota 2,Multiplayer Online Battle Arena
Henrik,Ahnberg,AdmiralBulldog,se,638938.79,Dota 2,Multiplayer Online Battle Arena
Marc Polo,Luis Fausto,Raven,ph,609393.1,Dota 2,Multiplayer Online Battle Arena
Yong Min,Kim,Febby,kr,602221.88,Dota 2,Multiplayer Online Battle Arena
Yongzheng,He,Inflame,cn,601854.15,Dota 2,Multiplayer Online Battle Arena
Cong,Ding,Dy,cn,594922.51,Dota 2,Multiplayer Online Battle Arena
Sunyeob,Kim,QO,kr,591322.79,Dota 2,Multiplayer Online Battle Arena
Artem,Barshack,fng,by,591271.39,Dota 2,Multiplayer Online Battle Arena
Noah,Pyo,MP,kr,591176.77,Dota 2,Multiplayer Online Battle Arena
Sang Hyeok,Lee,Faker,kr,1257615.87,League of Legends,Multiplayer Online Battle Arena
Ho Seong,Lee,Duke,kr,954620.62,League of Legends,Multiplayer Online Battle Arena
Jun Sik,Bae,Bang,kr,915451.46,League of Legends,Multiplayer Online Battle Arena
Jae Wan,Lee,Wolf,kr,913084.7,League of Legends,Multiplayer Online Battle Arena
Seong Ung,Bae,Bengi,kr,810683.0,League of Legends,Multiplayer Online Battle Arena
Wen Bo,Yu,JackeyLove,cn,682248.64,League of Legends,Multiplayer Online Battle Arena
Eui Jin,Song,Rookie,kr,610445.7,League of Legends,Multiplayer Online Battle Arena
Zhen Ning,Gao,Ning,cn,566607.87,League of Legends,Multiplayer Online Battle Arena
Sun Gu,Kang,Blank,kr,559518.75,League of Legends,Multiplayer Online Battle Arena
Jo,Yong-in,CoreJJ,kr,556087.84,League of Legends,Multiplayer Online Battle Arena
Chan Yong,Kang,Ambition,kr,553234.2,League of Legends,Multiplayer Online Battle Arena
Liu Yi,Wang,Baolan,cn,548235.82,League of Legends,Multiplayer Online Battle Arena
Zihao,Jian,Uzi,cn,545447.56,League of Legends,Multiplayer Online Battle Arena
Hau Hsuan,Hung,Karsa,tw,538926.12,League of Legends,Multiplayer Online Battle Arena
Dong Geun,Kang,TheShy,kr,538444.86,League of Legends,Multiplayer Online Battle Arena
Se Hyeong,Cho,Mata,kr,533979.52,League of Legends,Multiplayer Online Battle Arena
Jae Hyuk,Park,Ruler,kr,526957.64,League of Legends,Multiplayer Online Battle Arena
Jung,Eon-yeong,Impact,kr,515306.14,League of Legends,Multiplayer Online Battle Arena
Yuan Hao,Li,xiaohu,cn,507800.58,League of Legends,Multiplayer Online Battle Arena
Seong Jin,Lee,CuVee,kr,488379.08,League of Legends,Multiplayer Online Battle Arena
Min Ho,Lee,Crown,kr,483747.81,League of Legends,Multiplayer Online Battle Arena
Wang Ho,Han,Peanut,kr,479060.15,League of Legends,Multiplayer Online Battle Arena
Shi Yu,Liu,Mlxg,cn,472216.01,League of Legends,Multiplayer Online Battle Arena
Luka,Perković,PerkZ,hr,471280.47,League of Legends,Multiplayer Online Battle Arena
Kai,Ming,ClearLove,cn,471086.78,League of Legends,Multiplayer Online Battle Arena
Rasmus,Winther,Caps,dk,458259.05,League of Legends,Multiplayer Online Battle Arena
Won Seok,Heo,PawN,kr,440580.94,League of Legends,Multiplayer Online Battle Arena
Martin,Larsson,Rekkles,se,438830.14,League of Legends,Multiplayer Online Battle Arena
Paul,Boyer,sOAZ,fr,422314.79,League of Legends,Multiplayer Online Battle Arena
Hyuk Kyu,Kim,Deft,kr,409144.64,League of Legends,Multiplayer Online Battle Arena
Marcin,Jankowski,Jankos,pl,403320.75,League of Legends,Multiplayer Online Battle Arena
Sen Ming,Shi,Ming,cn,379664.5,League of Legends,Multiplayer Online Battle Arena
Jong In,Kim,PraY,kr,374778.08,League of Legends,Multiplayer Online Battle Arena
Jun Ze,Yan,letme,cn,360201.28,League of Legends,Multiplayer Online Battle Arena
Min Seung,Kang,Haru,kr,348691.73,League of Legends,Multiplayer Online Battle Arena
Seung Hoon,Heo,Huni,kr,347699.25,League of Legends,Multiplayer Online Battle Arena
Hyeong Seok,Jang,Looper,kr,346307.48,League of Legends,Multiplayer Online Battle Arena
Ye,Tian,Meiko,cn,337832.12,League of Legends,Multiplayer Online Battle Arena
Shuo Jie,Hu,SwordArt,tw,337163.36,League of Legends,Multiplayer Online Battle Arena
Martin,Hansen,Wunder,dk,336306.24,League of Legends,Multiplayer Online Battle Arena
Tae Sang,Kim,doinb,kr,330849.29,League of Legends,Multiplayer Online Battle Arena
Beom Hyeon,Kang,GorillA,kr,329318.02,League of Legends,Multiplayer Online Battle Arena
Zdravec,Gulubov,Hylissang,bg,325910.24,League of Legends,Multiplayer Online Battle Arena
Seung Bin,Gu,imp,kr,318379.81,League of Legends,Multiplayer Online Battle Arena
Mads,Brock-Pedersen,Broxah,dk,313654.08,League of Legends,Multiplayer Online Battle Arena
Peter,Peng,Doublelift,us,306475.81,League of Legends,Multiplayer Online Battle Arena
Kyung Ho,Song,Smeb,kr,300818.81,League of Legends,Multiplayer Online Battle Arena
Gabriël,Rau,Bwipo,be,287279.5,League of Legends,Multiplayer Online Battle Arena
Bo Wei,Cheng,bebe,tw,286115.32,League of Legends,Multiplayer Online Battle Arena
Zachary,Scuderi,Sneaky,us,282456.48,League of Legends,Multiplayer Online Battle Arena
In Kyu,Choi,DanDy,kr,281150.19,League of Legends,Multiplayer Online Battle Arena
Wei Xiang,Lin,Lwx,cn,271901.75,League of Legends,Multiplayer Online Battle Arena
Tian Liang,Gao,Tian,cn,268282.03,League of Legends,Multiplayer Online Battle Arena
Seo Haeng,Lee,kurO,kr,267646.88,League of Legends,Multiplayer Online Battle Arena
Han Saem,Kim,GimGoon,kr,266509.03,League of Legends,Multiplayer Online Battle Arena
Qing Song,Liu,Crisp,cn,265601.98,League of Legends,Multiplayer Online Battle Arena
Gwang Jin,Chae,Piglet,kr,265429.15,League of Legends,Multiplayer Online Battle Arena
Nicolaj,Jensen,Jensen,dk,265283.06,League of Legends,Multiplayer Online Battle Arena
Yang,Tong,Koro1,cn,260755.41,League of Legends,Multiplayer Online Battle Arena
Jake,Puchero,Xmithie,ph,260170.9,League of Legends,Multiplayer Online Battle Arena
Dennis,Johnsen,Svenskeren,dk,257257.41,League of Legends,Multiplayer Online Battle Arena
Jeong Hyeon,Lee,PoohManDu,kr,256771.39,League of Legends,Multiplayer Online Battle Arena
Alfonso,Aguirre Rodriguez,Mithy,es,252718.89,League of Legends,Multiplayer Online Battle Arena
Jesper,Svenningsen,Zven,dk,250580.01,League of Legends,Multiplayer Online Battle Arena
Søren,Bjerg,Bjergsen,dk,250222.7,League of Legends,Multiplayer Online Battle Arena
Ji Hoon,Lee,Easyhoon,kr,249497.86,League of Legends,Multiplayer Online Battle Arena
Ye Chan,Lee,Scout,kr,242290.45,League of Legends,Multiplayer Online Battle Arena
Yi Tang,Huang,Maple,tw,240437.63,League of Legends,Multiplayer Online Battle Arena
Dong Ha,Kim,Khan,kr,232418.28,League of Legends,Multiplayer Online Battle Arena
Kyung Sup,Yoon,Zero,kr,229438.65,League of Legends,Multiplayer Online Battle Arena
June Tsan,Wang,Stanley,tw,225522.01,League of Legends,Multiplayer Online Battle Arena
Kurtis Wai Kin,Lau,Toyz,hk,224722.01,League of Legends,Multiplayer Online Battle Arena
Mihael,Mehle,Mikyx,si,220292.5,League of Legends,Multiplayer Online Battle Arena
Gyeong Hwan,Jang,MaRin,kr,219660.3,League of Legends,Multiplayer Online Battle Arena
Kuan Po,Sung,Lilballz,tw,217429.72,League of Legends,Multiplayer Online Battle Arena
Hui Chung,Chen,MiSTakE,tw,216539.83,League of Legends,Multiplayer Online Battle Arena
Han Wei,Su,xiye,cn,206587.79,League of Legends,Multiplayer Online Battle Arena
Yu Hao,Chen,Mouse,cn,198089.09,League of Legends,Multiplayer Online Battle Arena
Zhihao,Liu,Zzitai,cn,191889.12,League of Legends,Multiplayer Online Battle Arena
Sung Joon,Jin,Mystic,kr,189265.81,League of Legends,Multiplayer Online Battle Arena
Dong Bin,Go,Score,kr,185512.99,League of Legends,Multiplayer Online Battle Arena
Sang Ook,Yoo,Ryu,kr,184100.69,League of Legends,Multiplayer Online Battle Arena
Bora,Kim,YellOwStaR,fr,183976.33,League of Legends,Multiplayer Online Battle Arena
Bo Seong,Gwak,Bdd,kr,182877.42,League of Legends,Multiplayer Online Battle Arena
Jason,Tran,WildTurtle,ca,182066.13,League of Legends,Multiplayer Online Battle Arena
Ding,Zhuo,Knight,cn,180858.29,League of Legends,Multiplayer Online Battle Arena
Gang Yun,Kim,Trick,kr,177780.23,League of Legends,Multiplayer Online Battle Arena
Yu Hung,Lu,Betty,tw,177478.08,League of Legends,Multiplayer Online Battle Arena
Su,Heo,ShowMaker,kr,177331.43,League of Legends,Multiplayer Online Battle Arena
Ha Gwon,Jang,Nuguri,kr,176983.88,League of Legends,Multiplayer Online Battle Arena
Geon Bu,Kim,Canyon,kr,174361.72,League of Legends,Multiplayer Online Battle Arena
Jia Hao,Bai,369,cn,173098.69,League of Legends,Multiplayer Online Battle Arena
Geon Hee,Cho,BeryL,kr,170911.34,League of Legends,Multiplayer Online Battle Arena
Dong Wook,Lee,LokeN,kr,170679.58,League of Legends,Multiplayer Online Battle Arena
Enrique,Cedeño Martinez,xPeke,es,166127.4,League of Legends,Multiplayer Online Battle Arena
Dae Han,Gi,Expect,kr,165169.85,League of Legends,Multiplayer Online Battle Arena
Zhuojun,Feng,Fzzf,cn,164821.18,League of Legends,Multiplayer Online Battle Arena
Ren Jie,Xiang,Condi,cn,161938.75,League of Legends,Multiplayer Online Battle Arena
Petter,Freyschuss,Hjärnan,se,160818.8,League of Legends,Multiplayer Online Battle Arena
Chang Yu,Ke,957,cn,159402.36,League of Legends,Multiplayer Online Battle Arena
Kyle,Giersdorf,Bugha,us,3141395.05,Fortnite,Battle Royale
David,Wang,Aqua,at,1923774.23,Fortnite,Battle Royale
Harrison,Chang,psalm,us,1873138.8,Fortnite,Battle Royale
Emil,Bergquist Pedersen,Nyhrox,no,1536845.69,Fortnite,Battle Royale
Shane,Cotton,EpikWhale,us,1349767.32,Fortnite,Battle Royale
Jaden,Ashman,Wolfiez,gb,1331128.07,Fortnite,Battle Royale
Dave,Jong,Rojo,nl,1213576.66,Fortnite,Battle Royale
Nate,Kou,Kreo,hk,1200043.07,Fortnite,Battle Royale
Williams,Aubin,Zayt,ca,1186189.75,Fortnite,Battle Royale
Rocco,Morales,Saf,us,1126345.35,Fortnite,Battle Royale
Davis,McClellan,Ceice,us,1109880.47,Fortnite,Battle Royale
Thiago,Lapp,kinG,ar,1021000.0,Fortnite,Battle Royale
Hayden,Krueger,Elevate,us,991583.2,Fortnite,Battle Royale
Clément,Danglot,Skite,fr,850264.02,Fortnite,Battle Royale
Dmitri,Van de Vrie,Mitr0,nl,775574.81,Fortnite,Battle Royale
Theo,Ferrer,Crue,se,715350.0,Fortnite,Battle Royale
Kyle,Jackson,Mongraal,gb,673154.23,Fortnite,Battle Royale
Timothy,Miller,Bizzle,us,615626.39,Fortnite,Battle Royale
Diego,Lima,Arkhram,us,608416.68,Fortnite,Battle Royale
Turner,Tenney,Tfue,us,594850.0,Fortnite,Battle Royale
Anthony,Colandro,ZexRow,us,506099.73,Fortnite,Battle Royale
Benjy David,Fish,BenjyFishy,gb,496429.32,Fortnite,Battle Royale
Klaus,Konstanzer,stompy,at,492271.94,Fortnite,Battle Royale
Brendan,Falconer,Falconer,us,482850.0,Fortnite,Battle Royale
Nathan,Berquignol,Nayte,fr,474562.23,Fortnite,Battle Royale
Daniel,Walsh,Dubs,us,468099.99,Fortnite,Battle Royale
Dennis,Lepore,Cloakzy,us,437975.0,Fortnite,Battle Royale
Nate,Hill,Nate Hill,us,437369.11,Fortnite,Battle Royale
Noah,Wright,Vivid,us,417366.67,Fortnite,Battle Royale
Duong,Huynh,Kinstaar,ch,414258.4,Fortnite,Battle Royale
Noam,Ackenine,Megga,us,381283.32,Fortnite,Battle Royale
River,Handley,Riversan,us,360841.67,Fortnite,Battle Royale
Vinny,Gilgan,Vinny,us,350238.8,Fortnite,Battle Royale
Jack,-,Cizzorz,us,345750.0,Fortnite,Battle Royale
Tyler,-,hiimtylerh,ca,341250.0,Fortnite,Battle Royale
Stephan,-,Suezhoo,be,341250.0,Fortnite,Battle Royale
-,-,Zand,dk,341250.0,Fortnite,Battle Royale
Ryan,Chaplo,Chap,us,341066.67,Fortnite,Battle Royale
Thomas,Hörak,Tschiiinken,at,326176.94,Fortnite,Battle Royale
Jake,Brumleve,Poach,us,324900.0,Fortnite,Battle Royale
Trevor,Siegler,FunkBomb,us,315616.67,Fortnite,Battle Royale
Thomas,Mulligan,72hrs,us,310008.33,Fortnite,Battle Royale
Pierre,Mesey,Vato,ch,285707.09,Fortnite,Battle Royale
Martin,Foss,MrSavage,no,271316.73,Fortnite,Battle Royale
Domeniks,Bunts,Domentos,lv,269887.84,Fortnite,Battle Royale
Malachi,Greiner,Reverse2k,us,255546.92,Fortnite,Battle Royale
Cody,Conrod,Clix,us,250968.08,Fortnite,Battle Royale
Austin,Etue,Morgausse,us,250938.56,Fortnite,Battle Royale
Mack,Aesoph,MackWood,us,250525.0,Fortnite,Battle Royale
Dylan,Moore,Dmo,us,243025.0,Fortnite,Battle Royale
Jonathan,Weber,yung calculator,us,229850.77,Fortnite,Battle Royale
Corentin,Tardif,Hunter,fr,229464.98,Fortnite,Battle Royale
William,Paquin-Brien,Fatch,ca,228500.0,Fortnite,Battle Royale
Josh,Roach,Commandment,us,221752.32,Fortnite,Battle Royale
Keenan,Santos,Rhux,us,217500.0,Fortnite,Battle Royale
Calum,MacGillivray,itemm,gb,215605.0,Fortnite,Battle Royale
Nick,McGuire,Aspect,us,215391.67,Fortnite,Battle Royale
Adam,Boyer-Dræby,Boyer,dk,210575.84,Fortnite,Battle Royale
Patrik,Zaharchenko,Pate1k,no,207201.06,Fortnite,Battle Royale
Sven,Edelenbosch,Svennoss,nl,205008.33,Fortnite,Battle Royale
Tai,Starčič,TaySon,si,200130.0,Fortnite,Battle Royale
Liam,Fillery,Kamo,de,197139.97,Fortnite,Battle Royale
Fabian,Real,Derox,de,195617.67,Fortnite,Battle Royale
Yan,Kaur,Fwexy,ru,193787.59,Fortnite,Battle Royale
Mark,Danilov,Letw1k3,ru,189482.52,Fortnite,Battle Royale
Artur,Kurshin,7ssk7,by,188358.03,Fortnite,Battle Royale
Jannis,Matwin,JannisZ,de,188212.42,Fortnite,Battle Royale
Thomas,Davidsen,Th0masHD,dk,188090.0,Fortnite,Battle Royale
Alexandre,Christophe,Andilex,fr,187095.73,Fortnite,Battle Royale
Julio Cesar,Nevarez,Pika,us,182950.0,Fortnite,Battle Royale
Klaivert,Dervishi,Teeqzy,be,179596.3,Fortnite,Battle Royale
Lassi,Kallio,BELAEU,fi,178610.0,Fortnite,Battle Royale
Endre,Byre,Endretta,no,176803.33,Fortnite,Battle Royale
Karim,Benghalia,Aïrwaks,ch,176598.27,Fortnite,Battle Royale
Sean,Close,Sean,ca,174733.33,Fortnite,Battle Royale
Felix,Hortlund,Wakie,se,174439.58,Fortnite,Battle Royale
Jamal,Saidayev,Jamside,ru,172779.7,Fortnite,Battle Royale
Aydan,Conrad,Aydan,us,172583.33,Fortnite,Battle Royale
Pontus,Bucht,Tchub,se,172400.0,Fortnite,Battle Royale
Howard,Castiaux,Noward,be,172385.27,Fortnite,Battle Royale
Blaž,Lešnik,K1nzell,si,167697.53,Fortnite,Battle Royale
Evan,Barron,Cented,ca,160410.62,Fortnite,Battle Royale
Dominick,Green,Unknown,us,159833.35,Fortnite,Battle Royale
Alexander,Zayedli,Znappy,se,159160.84,Fortnite,Battle Royale
David,Bois,LeNain,ca,158350.0,Fortnite,Battle Royale
Ben,Peterson,Edgey,us,153868.98,Fortnite,Battle Royale
Maxime,Thomas,Blax,fr,152619.67,Fortnite,Battle Royale
Anthony,Waller,Tendons,us,150900.0,Fortnite,Battle Royale
Jong Su,Lee,Peterpan,kr,147050.0,Fortnite,Battle Royale
Victor,Lopez,TheVic,fr,144507.88,Fortnite,Battle Royale
-,-,Furious,us,143908.34,Fortnite,Battle Royale
Tyler,Blevins,Ninja,us,142413.56,Fortnite,Battle Royale
-,-,4DRStorm,us,141158.34,Fortnite,Battle Royale
Zygimantas,Navickas,Redrush,lt,139936.26,Fortnite,Battle Royale
Mason,Lanier,Symfuhny,us,139866.67,Fortnite,Battle Royale
Nicolas,Frejavise,Nikof,fr,137954.0,Fortnite,Battle Royale
Moussa,Faour,Chapix,se,136820.0,Fortnite,Battle Royale
Jonas Colkær,Thomsen,Klusia,dk,136810.0,Fortnite,Battle Royale
Kevin,Fedjuschkin,Letshe,de,135928.06,Fortnite,Battle Royale
Jordan,Tucker,Tuckz,gb,134800.0,Fortnite,Battle Royale
Dong Jun,Kim,Rascal,kr,331108.68,Overwatch,First-Person Shooter
Nam Joo,Kwon,Striker,kr,327424.24,Overwatch,First-Person Shooter
Myeong Hwan,Yoo,smurf,kr,322184.16,Overwatch,First-Person Shooter
Hyo Bin,Choi,ChoiHyoBin,kr,319657.2,Overwatch,First-Person Shooter
Grant,Espe,Moth,us,314548.25,Overwatch,First-Person Shooter
Matthew,DeLisi,super,us,312948.02,Overwatch,First-Person Shooter
Min Ki,Park,Viol2t,kr,308901.19,Overwatch,First-Person Shooter
Jae Hee,Hong,Gesture,kr,297730.97,Overwatch,First-Person Shooter
Joon Yeong,Park,Profit,kr,297730.97,Overwatch,First-Person Shooter
Seung Tae,Choi,Bdosin,kr,272689.65,Overwatch,First-Person Shooter
Joo Seok,Lee,Twilight,kr,267391.59,Overwatch,First-Person Shooter
Jun Ho,Kim,Fury,kr,222400.43,Overwatch,First-Person Shooter
Ji Hyuk,Kim,birdring,kr,208453.84,Overwatch,First-Person Shooter
Won Sik,Jung,Closer,kr,197480.74,Overwatch,First-Person Shooter
Jong Seok,Kim,NUS,kr,188479.09,Overwatch,First-Person Shooter
Sung Jun,Kim,SLIME,kr,186382.3,Overwatch,First-Person Shooter
Andreas,Karlsson,Nevix,se,180755.36,Overwatch,First-Person Shooter
Jong Yeol,Park,Saebyeolbe,kr,176385.68,Overwatch,First-Person Shooter
Dong Gyu,Kim,Mano,kr,168959.28,Overwatch,First-Person Shooter
Hye Sung,Kim,Libero,kr,167420.62,Overwatch,First-Person Shooter
Choong Hui,Lee,Stitch,kr,164396.18,Overwatch,First-Person Shooter
Jay,Won,sinatraa,us,164363.81,Overwatch,First-Person Shooter
Sean,Henderson,ta1yo,jp,164025.25,Overwatch,First-Person Shooter
Sung Hyeon,Bang,JJoNak,kr,163336.4,Overwatch,First-Person Shooter
Seon Chang,Lee,ANS,kr,159911.85,Overwatch,First-Person Shooter
Tae-seong,Jeong,ANAMO,kr,159757.11,Overwatch,First-Person Shooter
Dong Eun,Lee,Hooreg,kr,157907.63,Overwatch,First-Person Shooter
Min Ho,Park,Architect,kr,157289.9,Overwatch,First-Person Shooter
Jin Mo,Yang,tobi,kr,157268.25,Overwatch,First-Person Shooter
Hyeon Woo,Choi,JJANU,kr,156207.98,Overwatch,First-Person Shooter
Hyo Jong,Kim,Haksal,kr,151472.42,Overwatch,First-Person Shooter
Tae Hong,Kim,Mek0,kr,149547.3,Overwatch,First-Person Shooter
Do Hyun,Kim,pine,kr,138012.28,Overwatch,First-Person Shooter
Min-hyuk,Choi,Michelle,kr,131615.34,Overwatch,First-Person Shooter
Sang Beom,Park,BUMPER,kr,128681.89,Overwatch,First-Person Shooter
Yeon Joon,Hong,ArK,kr,113666.44,Overwatch,First-Person Shooter
Min Seo,Hwang,Marve1,kr,111871.29,Overwatch,First-Person Shooter
Jun Woo,Kang,Void,kr,110435.01,Overwatch,First-Person Shooter
Jae Min,Park,ILLICIT,kr,108240.14,Overwatch,First-Person Shooter
Min Soo,Seo,SeoMinSoo,kr,107535.84,Overwatch,First-Person Shooter
Dong Eon,Kim,Fits,kr,104737.26,Overwatch,First-Person Shooter
Jun Geun,Kim,Rapel,kr,104074.27,Overwatch,First-Person Shooter
Isaac,Charles,Boombox,gb,98285.03,Overwatch,First-Person Shooter
Daniel,Hathaway,FunnyAstro,gb,96906.13,Overwatch,First-Person Shooter
Min Seong,Bae,diem,kr,94244.74,Overwatch,First-Person Shooter
Yeon Kwan,Jeong,Nenne,kr,91413.27,Overwatch,First-Person Shooter
Jae Hyeok,Lee,Carpe,kr,91158.55,Overwatch,First-Person Shooter
Young Wan,Kim,Creative,kr,90485.05,Overwatch,First-Person Shooter
Gael,Gouzerch,Poko,fr,90439.44,Overwatch,First-Person Shooter
Terence,Tarlier,SoOn,fr,90428.77,Overwatch,First-Person Shooter
Jang Hyeon,Hwang,TiZi,kr,88443.76,Overwatch,First-Person Shooter
Joong Hwa,Song,janus,kr,86293.32,Overwatch,First-Person Shooter
Byeong Seon,Kim,Fleta,kr,86277.6,Overwatch,First-Person Shooter
Je Hong,Ryu,Ryujehong,kr,85804.45,Overwatch,First-Person Shooter
Weida,Lu,Diya,cn,83845.32,Overwatch,First-Person Shooter
Josh,Corona,Eqo,il,83532.82,Overwatch,First-Person Shooter
Yeon Oh,Hwang,Fl0w3R,kr,83235.77,Overwatch,First-Person Shooter
Lane,Roberts,Surefour,ca,82724.04,Overwatch,First-Person Shooter
Min Chul,Kim,Izayaki,kr,82630.1,Overwatch,First-Person Shooter
Su Min,Kim,SADO,kr,82032.82,Overwatch,First-Person Shooter
Simon,Ekström,snillo,se,81812.25,Overwatch,First-Person Shooter
Seong Hyeon,Yang,Luffy,kr,81363.59,Overwatch,First-Person Shooter
Min Seok,Kwon,AimGod,kr,78260.01,Overwatch,First-Person Shooter
Chang Hoon,Gye,r0ar,kr,78144.21,Overwatch,First-Person Shooter
Gui Un,Jang,Decay,kr,77756.89,Overwatch,First-Person Shooter
Jonas,Suovaara,Shaz,fi,77723.5,Overwatch,First-Person Shooter
Benjamin,Isohanni,BigG00se,fi,77014.11,Overwatch,First-Person Shooter
Seung Joon,Lee,Whoru,kr,75756.09,Overwatch,First-Person Shooter
Jin Hyeok,Yang,DDing,kr,74902.37,Overwatch,First-Person Shooter
Jae Gon,Lee,LeeJaeGon,kr,74175.89,Overwatch,First-Person Shooter
Kyung Ho,Kim,Alarm,kr,73478.37,Overwatch,First-Person Shooter
Joon Hyuk,Kim,zunba,kr,72886.36,Overwatch,First-Person Shooter
Se Yeon,Kim,Geguri,kr,70298.68,Overwatch,First-Person Shooter
Joona,Laine,fragi,fi,70255.34,Overwatch,First-Person Shooter
Blake,Scott,Gator,us,69918.09,Overwatch,First-Person Shooter
Hong Joon,Choi,HOTBA,kr,68984.11,Overwatch,First-Person Shooter
Alberto,Gonzales Molinillo,neptuNo,es,67619.01,Overwatch,First-Person Shooter
Da Un,Jeong,NoSmite,kr,67246.48,Overwatch,First-Person Shooter
Seb,Barton,numlocked,gb,66306.23,Overwatch,First-Person Shooter
Joon,Jeong,Erster,kr,66165.46,Overwatch,First-Person Shooter
Hee Su,Jeong,Heesu,kr,64783.08,Overwatch,First-Person Shooter
George,Gushcha,ShaDowBurn,ru,63953.84,Overwatch,First-Person Shooter
Brady,Girardi,Agilities,ca,62069.85,Overwatch,First-Person Shooter
Ho Jin,Park,IDK,kr,61950.86,Overwatch,First-Person Shooter
João Pedro,Telles,Hydration,br,61460.24,Overwatch,First-Person Shooter
Ji Won,Seo,Stand1,kr,61459.02,Overwatch,First-Person Shooter
Timo,Kettunen,Taimou,fi,61027.02,Overwatch,First-Person Shooter
Xu,Qiulin,guxue,cn,59154.54,Overwatch,First-Person Shooter
Jonathan,Rua,HarryHook,es,58718.69,Overwatch,First-Person Shooter
Sebastian,Widlund,chipshajen,se,56549.85,Overwatch,First-Person Shooter
Joe,Gramano,Joemeister,ca,55676.28,Overwatch,First-Person Shooter
Pan Seung,Koo,FaTe,kr,55538.23,Overwatch,First-Person Shooter
Indy,Halpern,SPACE,us,55453.17,Overwatch,First-Person Shooter
Dylan,Bignet,aKm,fr,54391.23,Overwatch,First-Person Shooter
Benjamin,Chevasson,unKOE,fr,54391.23,Overwatch,First-Person Shooter
Hyeon Woo,Jo,HagoPeun,kr,54290.66,Overwatch,First-Person Shooter
Eui Seok,Lee,Fearless,kr,54215.94,Overwatch,First-Person Shooter
Byung Ho,Lee,Panker,kr,54037.27,Overwatch,First-Person Shooter
Scott,Kennedy,Custa,au,53759.68,Overwatch,First-Person Shooter
Kyeon Bo,Kim,GodsB,kr,53293.7,Overwatch,First-Person Shooter
Joona,Sotala,Serral,fi,893336.55,Starcraft II,Strategy
Sung Choo,Cho,Maru,kr,886795.83,Starcraft II,Strategy
Byung Ryul,Lee,Rogue,kr,883148.24,Starcraft II,Strategy
Ryung Woo,Park,Dark,kr,794627.39,Starcraft II,Strategy
Shin Hyung,Lee,INnoVation,kr,762437.0,Starcraft II,Strategy
Tae Yang,Jun,TY,kr,673162.61,Starcraft II,Strategy
Dae Yeob,Kim,Stats,kr,631829.71,Starcraft II,Strategy
Yoo Jin,Kim,sOs,kr,628026.1,Starcraft II,Strategy
Yoon Su,Eu,soO,kr,616412.36,Starcraft II,Strategy
Sung Wook,Joo,Zest,kr,558114.07,Starcraft II,Strategy
Alex,Sunderhaft,Neeb,us,523847.63,Starcraft II,Strategy
Min Chul,Jang,MC,kr,509771.79,Starcraft II,Strategy
Doh Woo,Kim,Classic,kr,479324.03,Starcraft II,Strategy
Seung Hyun,Lee,Life,kr,475900.67,Starcraft II,Strategy
Sung Hoon,Choi,Polt,kr,451943.24,Starcraft II,Strategy
Lee Sak,Won,PartinG,kr,427239.54,Starcraft II,Strategy
Hyun Woo,Byun,Byun,kr,415145.07,Starcraft II,Strategy
Sung Won,Moon,MMA,kr,407169.17,Starcraft II,Strategy
Jong Hyun,Jung,Mvp,kr,404994.83,Starcraft II,Strategy
Sasha,Hostyn,Scarlett,ca,388919.99,Starcraft II,Strategy
Juan Carlos,Lopez,SpeCial,mx,377144.16,Starcraft II,Strategy
Jens,Aasgaard,Snute,no,372788.71,Starcraft II,Strategy
Artur,Bloch,Nerchio,pl,371725.19,Starcraft II,Strategy
Min Soo,Kang,Solar,kr,363307.59,Starcraft II,Strategy
Joon Ho,Kim,herO,kr,341093.28,Starcraft II,Strategy
Ilyes,Satouri,Stephano,fr,304291.61,Starcraft II,Strategy
Young Suh,Yoon,TaeJa,kr,303679.63,Starcraft II,Strategy
Riccardo,Romiti,Reynor,it,298622.85,Starcraft II,Strategy
Soo Ho,Park,DongRaeGu,kr,289675.08,Starcraft II,Strategy
Dong Nyung,Lee,Leenock,kr,288257.14,Starcraft II,Strategy
Jae Duk,Lim,NesTea,kr,288225.07,Starcraft II,Strategy
Tobias,Sieber,ShoWTimE,de,282135.93,Starcraft II,Strategy
Sung Ho,Cho,Trap,kr,280334.78,Starcraft II,Strategy
Ji Sung,Choi,Bomber,kr,265914.84,Starcraft II,Strategy
Mikołaj,Ogonowski,Elazer,pl,264095.3,Starcraft II,Strategy
Hyeon Deok,Song,HerO,kr,261892.87,Starcraft II,Strategy
Dong Jun,Baek,Dear,kr,243027.72,Starcraft II,Strategy
Yoon Jong,Jung,Rain,kr,236690.51,Starcraft II,Strategy
Seok Hyun,Ko,HyuN,kr,233783.91,Starcraft II,Strategy
Byung Jae,Koh,GuMiho,kr,227008.15,Starcraft II,Strategy
Jae Dong,Lee,Jaedong,kr,224833.53,Starcraft II,Strategy
Grzegorz,Komincz,MaNa,pl,218911.98,Starcraft II,Strategy
Jung Hoon,Lee,MarineKing,kr,212397.14,Starcraft II,Strategy
Lee Seok,Han,aLive,kr,204079.55,Starcraft II,Strategy
Tae Su,Bang,TRUE,kr,189776.99,Starcraft II,Strategy
Peinan,Li,TIME,cn,184811.62,Starcraft II,Strategy
Dong Hwan,Kim,viOLet,kr,183568.96,Starcraft II,Strategy
Johan,Lucchesi,NaNiwa,se,177659.71,Starcraft II,Strategy
Zhou,Hang,iAsonu,cn,172891.85,Starcraft II,Strategy
Gabriel,Segat,HeRoMaRinE,de,167442.47,Starcraft II,Strategy
Diego,Schwimer,Kelazhur,br,158091.74,Starcraft II,Strategy
Ji Hyun,Jo,Patience,kr,155836.32,Starcraft II,Strategy
Min Chul,Kim,Soulkey,kr,153116.49,Starcraft II,Strategy
Marc,Schlappi,uThermal,nl,150578.81,Starcraft II,Strategy
Doh Wook,Kim,Cure,kr,149003.23,Starcraft II,Strategy
Chris,Loranger,HuK,ca,148758.87,Starcraft II,Strategy
Yu Feng,Ke,Has,tw,148558.05,Starcraft II,Strategy
Dong Won,Shin,Hydra,kr,147459.89,Starcraft II,Strategy
Ji Soo,Park,fOrGG,kr,147378.95,Starcraft II,Strategy
Ho Joon,Lee,PuMa,kr,143862.24,Starcraft II,Strategy
Hui Ming,Huang,TooDming,cn,142369.56,Starcraft II,Strategy
Hyun Woo,Jang,Creator,kr,141938.84,Starcraft II,Strategy
Chia Cheng,Yang,Sen,tw,141662.54,Starcraft II,Strategy
Lei,Wang,XiGua,cn,134300.51,Starcraft II,Strategy
Hoon Jung,Ji,Jjakji,kr,133917.25,Starcraft II,Strategy
Maru,Kim,MaSa,ca,132306.1,Starcraft II,Strategy
Théo,Freydière,PtitDrogo,fr,130550.93,Starcraft II,Strategy
Aleksandr,Svusuyk,Bly,ua,127688.41,Starcraft II,Strategy
Jin,Hui Cao,Jim,cn,125173.05,Starcraft II,Strategy
Dario,Wünsch,TLO,de,115102.67,Starcraft II,Strategy
Ji Won,Han,ByuL,kr,114416.73,Starcraft II,Strategy
Kang Ho,Hwang,LosirA,kr,114305.31,Starcraft II,Strategy
Seok Hee,Son,StarDust,kr,111579.95,Starcraft II,Strategy
Xiang,Hu,MacSed,cn,111540.17,Starcraft II,Strategy
Kevin,de Koning,Harstem,nl,109736.18,Starcraft II,Strategy
Cho-Won,Kang,san,kr,109440.09,Starcraft II,Strategy
Dong Won,Kim,Ryung,kr,108009.18,Starcraft II,Strategy
Joong Hyuk,Cho,Dream,kr,103798.04,Starcraft II,Strategy
Won Ki,Kim,FruitDealer,kr,102860.5,Starcraft II,Strategy
Marcus,Eklöf,ThorZaIN,se,102682.9,Starcraft II,Strategy
Juan,Moreno Durán,VortiX,es,100271.58,Starcraft II,Strategy
Joon Hyuk,Kim,Impact,kr,97741.11,Starcraft II,Strategy
Julian,Brosig,Lambo,de,96604.3,Starcraft II,Strategy
Ki Woong,Nam,Hurricane,kr,96034.27,Starcraft II,Strategy
Joon Sik,Yang,Alicia,kr,94907.1,Starcraft II,Strategy
Dong Hyun,Kang,Symbol,kr,94856.43,Starcraft II,Strategy
Hee Bum,Shin,RagnaroK,kr,93903.11,Starcraft II,Strategy
Kyo Seok,Hwang,KeeN,kr,93866.46,Starcraft II,Strategy
Min Soo,Jung,Genius,kr,93775.14,Starcraft II,Strategy
Hyun Woo,Park,Squirtle,kr,92282.22,Starcraft II,Strategy
David,Moschetto,Lilbow,fr,91850.98,Starcraft II,Strategy
Huang,Min,Cyan,cn,90452.98,Starcraft II,Strategy
Young Ho,Lee,Flash,kr,90152.64,Starcraft II,Strategy
Hyun Woo,Kang,First,kr,89725.4,Starcraft II,Strategy
Alexis,Eusebio,MarineLorD,fr,86634.27,Starcraft II,Strategy
Dennis,Schneider,HasuObs,de,84794.99,Starcraft II,Strategy
Patrick,Brix,Bunny,dk,84195.98,Starcraft II,Strategy
Byung Hyun,Choi,YoDa,kr,84119.07,Starcraft II,Strategy
Rickard,Bergman,SortOf,se,83622.52,Starcraft II,Strategy
Yao,Xiang,XY,cn,81795.94,Starcraft II,Strategy
Won Ho,Jeong,KyoCha,kr,464560.82,Heroes of the Storm,Multiplayer Online Battle Arena
Jung Hyeog,Lee,sake,kr,462790.78,Heroes of the Storm,Multiplayer Online Battle Arena
Jae Won,Lee,Rich,kr,427923.28,Heroes of the Storm,Multiplayer Online Battle Arena
Jin Woo,Im,Reset,kr,360093.52,Heroes of the Storm,Multiplayer Online Battle Arena
Woon Sung,Kang,Ttsst,kr,353715.98,Heroes of the Storm,Multiplayer Online Battle Arena
Jonathan,Gunnarsson,Wubby,se,264826.14,Heroes of the Storm,Multiplayer Online Battle Arena
Seung Chul,Kim,sCsC,kr,239311.62,Heroes of the Storm,Multiplayer Online Battle Arena
Joshua,Bennett,Snitch,gb,238798.57,Heroes of the Storm,Multiplayer Online Battle Arena
Jérome,Trinh,JayPL,fr,229170.87,Heroes of the Storm,Multiplayer Online Battle Arena
Ji Hoon,Yoon,Sign,kr,211104.46,Heroes of the Storm,Multiplayer Online Battle Arena
Jeong Ha,Lee,Jeongha,kr,200447.42,Heroes of the Storm,Multiplayer Online Battle Arena
Simon,Svensson,Schwimpi,se,191647.23,Heroes of the Storm,Multiplayer Online Battle Arena
Pontus,Sjogren,Breez,se,187978.31,Heroes of the Storm,Multiplayer Online Battle Arena
Tae Jun,Lee,merryday,kr,184790.78,Heroes of the Storm,Multiplayer Online Battle Arena
Filip,Liljeström,Smexystyle,se,184411.26,Heroes of the Storm,Multiplayer Online Battle Arena
Dob,Engström,QuackNiix,se,180964.31,Heroes of the Storm,Multiplayer Online Battle Arena
Do Joon,Chae,Noblesse,kr,164811.62,Heroes of the Storm,Multiplayer Online Battle Arena
Jae Hun,Jin,Lockdown,kr,156959.11,Heroes of the Storm,Multiplayer Online Battle Arena
Seung Won,Kim,Swoy,kr,151828.25,Heroes of the Storm,Multiplayer Online Battle Arena
Fan,Yang,Fan,us,149291.76,Heroes of the Storm,Multiplayer Online Battle Arena
Kenn Øster,Rasmussen,Zaelia,dk,147500.0,Heroes of the Storm,Multiplayer Online Battle Arena
Jin Su,Park,NachoJin,kr,146932.17,Heroes of the Storm,Multiplayer Online Battle Arena
Thomas,Cailleux,Ménè,fr,145068.51,Heroes of the Storm,Multiplayer Online Battle Arena
John Paul,Lopez,KingCaffeine,us,138297.16,Heroes of the Storm,Multiplayer Online Battle Arena
Keiwan,Itakura,k1,us,138237.16,Heroes of the Storm,Multiplayer Online Battle Arena
James,Baker,Bakery,gb,134818.57,Heroes of the Storm,Multiplayer Online Battle Arena
Tae Hoon,Kwon,Sniper,kr,128659.74,Heroes of the Storm,Multiplayer Online Battle Arena
Yeong Hwan,Jing,Hide,kr,123398.02,Heroes of the Storm,Multiplayer Online Battle Arena
Lunhan,Kang,XingC,cn,122420.01,Heroes of the Storm,Multiplayer Online Battle Arena
Lawrence,Harper,Atheroangel,gb,120263.57,Heroes of the Storm,Multiplayer Online Battle Arena
Vilhem,Flennmark,POILK,se,114751.8,Heroes of the Storm,Multiplayer Online Battle Arena
Hanfei,Chen,Tiger,cn,114207.06,Heroes of the Storm,Multiplayer Online Battle Arena
Kun,Fang,iDream,cn,112337.16,Heroes of the Storm,Multiplayer Online Battle Arena
Zhihao,Wu,Tumi,cn,112170.41,Heroes of the Storm,Multiplayer Online Battle Arena
Dennis,Schneider,HasuObs,de,110050.76,Heroes of the Storm,Multiplayer Online Battle Arena
Ju Dam,Park,dami,kr,109714.8,Heroes of the Storm,Multiplayer Online Battle Arena
Lyubomir,Kozlovski,Splendour,bg,106462.18,Heroes of the Storm,Multiplayer Online Battle Arena
Xiangzhi,Zheng,melodyC,cn,106288.65,Heroes of the Storm,Multiplayer Online Battle Arena
Ben,Bunk,Cattlepillar,de,105541.2,Heroes of the Storm,Multiplayer Online Battle Arena
Adrian,Wójcik,adrd,pl,103282.92,Heroes of the Storm,Multiplayer Online Battle Arena
Nils,Gebhardt,Nurok,de,102971.54,Heroes of the Storm,Multiplayer Online Battle Arena
Mike,Fisk,Glaurung,us,97856.2,Heroes of the Storm,Multiplayer Online Battle Arena
Tuo,Li,NccCc,cn,97833.37,Heroes of the Storm,Multiplayer Online Battle Arena
Chris,Buechter,Zuna,us,94813.8,Heroes of the Storm,Multiplayer Online Battle Arena
Alexander,Milanov,ethernal,bg,93149.29,Heroes of the Storm,Multiplayer Online Battle Arena
Ki Soo,Han,CrazymoviNG,kr,93131.84,Heroes of the Storm,Multiplayer Online Battle Arena
Jun,Jang,Jun,kr,92591.2,Heroes of the Storm,Multiplayer Online Battle Arena
Jong Hoon,Park,Hooligan,kr,92397.81,Heroes of the Storm,Multiplayer Online Battle Arena
Lizhong,Zhou,Misaka,cn,90136.72,Heroes of the Storm,Multiplayer Online Battle Arena
Manny,Medina,Fury,us,89529.34,Heroes of the Storm,Multiplayer Online Battle Arena
Dae Hyung,Lee,Hongcono,kr,89214.8,Heroes of the Storm,Multiplayer Online Battle Arena
Li Wei,Sun,xiaOt,cn,88040.91,Heroes of the Storm,Multiplayer Online Battle Arena
Guo,Jiayi,Gemini,cn,87834.52,Heroes of the Storm,Multiplayer Online Battle Arena
Hao,Pu,m,cn,86588.9,Heroes of the Storm,Multiplayer Online Battle Arena
Jae Hyun,Park,JaeHyun,kr,85836.53,Heroes of the Storm,Multiplayer Online Battle Arena
Simon,Tabin,Darkmok,de,85535.96,Heroes of the Storm,Multiplayer Online Battle Arena
Hyun Tae,Kim,SDE,kr,84500.0,Heroes of the Storm,Multiplayer Online Battle Arena
Alexander,Grumstrup,AlexTheProG,dk,83962.45,Heroes of the Storm,Multiplayer Online Battle Arena
Harrison,Chang,psalm,us,80661.2,Heroes of the Storm,Multiplayer Online Battle Arena
Jin Hwan,Kim,Magi,kr,79790.68,Heroes of the Storm,Multiplayer Online Battle Arena
Ricardo,Marques,DunkTrain,us,77997.16,Heroes of the Storm,Multiplayer Online Battle Arena
Benjamin,Eekenulv,BadBenny,se,76798.88,Heroes of the Storm,Multiplayer Online Battle Arena
Matic,Mikec,Zarmony,si,75978.57,Heroes of the Storm,Multiplayer Online Battle Arena
Jing,Gu,Aloof,cn,75648.35,Heroes of the Storm,Multiplayer Online Battle Arena
Jize,Song,sk,cn,75380.4,Heroes of the Storm,Multiplayer Online Battle Arena
Stafford,Mcintyre,McIntyre,us,73817.6,Heroes of the Storm,Multiplayer Online Battle Arena
Taylor,Eder,Arthelon,us,73072.6,Heroes of the Storm,Multiplayer Online Battle Arena
Ivan,Koturić,Sportbilly,hr,72193.01,Heroes of the Storm,Multiplayer Online Battle Arena
Sung Hyun,Moon,Good,kr,70434.23,Heroes of the Storm,Multiplayer Online Battle Arena
Dominic,Asal,Nic,de,69829.77,Heroes of the Storm,Multiplayer Online Battle Arena
Jing,Chen,Xuyu,cn,69791.28,Heroes of the Storm,Multiplayer Online Battle Arena
Niklas,Skogheim,Cursen,no,67862.48,Heroes of the Storm,Multiplayer Online Battle Arena
Rori,Bryant-Raible,CauthonLuck,us,67720.0,Heroes of the Storm,Multiplayer Online Battle Arena
Sammuel,Hua,bigempct,us,66663.8,Heroes of the Storm,Multiplayer Online Battle Arena
Yu Yen,Su,GoDDog,tw,65965.06,Heroes of the Storm,Multiplayer Online Battle Arena
Markus,Hanke,Blumbi,de,65525.96,Heroes of the Storm,Multiplayer Online Battle Arena
Christoph,Gowitzke,Cris,de,65516.28,Heroes of the Storm,Multiplayer Online Battle Arena
Stefen,Anderson,akaface,us,64763.4,Heroes of the Storm,Multiplayer Online Battle Arena
Michael,Udall,MichaelUdall,us,64763.4,Heroes of the Storm,Multiplayer Online Battle Arena
Chandler,Gavran,Buds,us,64742.6,Heroes of the Storm,Multiplayer Online Battle Arena
Justin,Gapp,Justing,us,64742.6,Heroes of the Storm,Multiplayer Online Battle Arena
Francisco,Avalos,Goku,ca,64112.6,Heroes of the Storm,Multiplayer Online Battle Arena
Khalif,Hashim,Khroen,us,63634.48,Heroes of the Storm,Multiplayer Online Battle Arena
Kyung Deok,Kim,duckdeok,kr,63405.8,Heroes of the Storm,Multiplayer Online Battle Arena
Zhihao,Zhang,zZH,cn,60952.31,Heroes of the Storm,Multiplayer Online Battle Arena
Kyle,Belaiche,Prismaticism,ca,60502.6,Heroes of the Storm,Multiplayer Online Battle Arena
Tianze,Chen,canjian,cn,58569.42,Heroes of the Storm,Multiplayer Online Battle Arena
Tae Seok,Oh,taeseok,kr,57792.0,Heroes of the Storm,Multiplayer Online Battle Arena
Liam,Simpson,Arcaner,au,57228.0,Heroes of the Storm,Multiplayer Online Battle Arena
Qian,Li,Qx,cn,57198.2,Heroes of the Storm,Multiplayer Online Battle Arena
Jerome,Tanguay,KilluZiioN,ca,56726.85,Heroes of the Storm,Multiplayer Online Battle Arena
Seong Min,Min,Darvish,kr,55970.05,Heroes of the Storm,Multiplayer Online Battle Arena
Chun Yu,Wu,Alphaluna,tw,53541.0,Heroes of the Storm,Multiplayer Online Battle Arena
Jiawei,Zhang,Kty,cn,52978.13,Heroes of the Storm,Multiplayer Online Battle Arena
Thomas,Maguire,Tomster,us,51663.14,Heroes of the Storm,Multiplayer Online Battle Arena
Merek,Kangas,zugrug,ca,51636.85,Heroes of the Storm,Multiplayer Online Battle Arena
Josh,Choi,bkid,us,51453.4,Heroes of the Storm,Multiplayer Online Battle Arena
Jae Yeop,Jeong,Frankle,kr,50572.68,Heroes of the Storm,Multiplayer Online Battle Arena
Gu,Junfeng,Wind,cn,50549.34,Heroes of the Storm,Multiplayer Online Battle Arena
Martin,Rugh,Crozzby,dk,50545.96,Heroes of the Storm,Multiplayer Online Battle Arena
Jeong Yeong,Bak,Loki,kr,703953.94,PUBG,Battle Royale
Jeong Wan,Go,ESTH3R,kr,610486.16,PUBG,Battle Royale
Seung Hoon,Cha,Pio,kr,591248.41,PUBG,Battle Royale
Tae Min,Kang,Taemin,kr,585598.46,PUBG,Battle Royale
David,Tillberg,fuzzface,se,344350.25,PUBG,Battle Royale
Anssi,Pekkonen,mxey,fi,341362.75,PUBG,Battle Royale
Ivan,Kapustin,ubah,ru,325558.75,PUBG,Battle Royale
Ludvik,Jahnsen,Aitzy,no,282450.25,PUBG,Battle Royale
Samu,Kauppinen,Sambty,fi,242483.15,PUBG,Battle Royale
Jim,Eliassen,Jeemzz,no,230595.65,PUBG,Battle Royale
Jord,van Geldere,Ibiza,nl,229095.65,PUBG,Battle Royale
Hao,Yao,lionkk,cn,205477.15,PUBG,Battle Royale
Yan,Wang,silentBT_,cn,181549.66,PUBG,Battle Royale
Jinhai,Zhang,xiaohaixxxx,cn,179906.29,PUBG,Battle Royale
Zhen,Wei,GodV,cn,164612.66,PUBG,Battle Royale
Liangguang,Liao,xiaorong,cn,163976.97,PUBG,Battle Royale
Luke,Laing,Meluke,ca,159650.52,PUBG,Battle Royale
Jere,Kauppinen,Jembty,fi,156140.25,PUBG,Battle Royale
In Jae,Kim,EscA,kr,153763.01,PUBG,Battle Royale
Jang Hwan,Seong,seongjang,kr,141342.32,PUBG,Battle Royale
Do-hoon,Seol,indigo,kr,136120.04,PUBG,Battle Royale
Su Yong,Jeong,kAyle,kr,135217.79,PUBG,Battle Royale
Alex,Gouge,vard,gb,134614.01,PUBG,Battle Royale
Justin,McNally,MiracU,ie,133114.01,PUBG,Battle Royale
Magno,Ramos,Pr0phie,ph,131989.19,PUBG,Battle Royale
Logan,Heckman,Zanpah,us,130989.58,PUBG,Battle Royale
Mike,Gariti,Sharky,us,127694.75,PUBG,Battle Royale
Min Ki,Kim,Chelator,kr,127042.27,PUBG,Battle Royale
Keiron,Prescott,Scoom,gi,126204.51,PUBG,Battle Royale
Young Hoon,Shim,Simsn,kr,125722.18,PUBG,Battle Royale
Zheng,Wu,Forever,cn,119560.82,PUBG,Battle Royale
Thierry,Kaltenback,Kaymind,ca,113573.0,PUBG,Battle Royale
Xin,Wang,ZGGO1,cn,112482.56,PUBG,Battle Royale
Roman,Zinoviev,ADOUZ1E,ru,106225.0,PUBG,Battle Royale
Daying,Wei,xxxLu,cn,105935.34,PUBG,Battle Royale
Arsenii,Ivanychev,ceh9,ru,104675.0,PUBG,Battle Royale
Vadim,Ulshin,POKAMOLODOY,ru,104671.25,PUBG,Battle Royale
Jong Ho,Lee,Starlord,kr,104576.9,PUBG,Battle Royale
Diondre,Bond,YaBoiDre,us,103739.58,PUBG,Battle Royale
-,-,Menteul,kr,102114.43,PUBG,Battle Royale
Rak Gwon,Chung,Hulk,kr,101243.57,PUBG,Battle Royale
Do-hyun,Kim,Daengchae,kr,100930.84,PUBG,Battle Royale
Hwan,Jang,Hwan2da,kr,98090.7,PUBG,Battle Royale
Laurynas,Rudys,Gaxy,lt,94926.51,PUBG,Battle Royale
Ben,Wheeler,Nerf,us,93098.0,PUBG,Battle Royale
Chuan,Yu,Summer,cn,86922.9,PUBG,Battle Royale
Timothy,Ebarb,Uncivil,us,86853.44,PUBG,Battle Royale
Ömer,Develi,Iroh,tr,85243.75,PUBG,Battle Royale
Hunter,Winn,hwinn,us,85032.94,PUBG,Battle Royale
Kurtis,Bond,Purdy,us,84148.44,PUBG,Battle Royale
Kevin,Linn,Miccoy,us,82233.44,PUBG,Battle Royale
Mehmood Amin,Askar,Moody,ca,81360.5,PUBG,Battle Royale
Aaron,Lommen,aLOW,us,81023.44,PUBG,Battle Royale
Luke,Newey,Luke12,au,79049.82,PUBG,Battle Royale
Andrey,Ionov,Bestoloch,ru,78800.0,PUBG,Battle Royale
Kang,Wang,shou,cn,78178.8,PUBG,Battle Royale
Jiang Hua,Chen,shox,cn,78178.8,PUBG,Battle Royale
Daniel,Hernandez,Sharpshothd,cu,77092.86,PUBG,Battle Royale
-,-,BBABBO,kr,75125.32,PUBG,Battle Royale
Jae Hyun,Han,SexyPIG,kr,74885.91,PUBG,Battle Royale
Romain,Hermann,Shiv,fr,74811.76,PUBG,Battle Royale
Damien,Valliant,Dahmien7,fr,71349.2,PUBG,Battle Royale
Kyung Chul,Oh,style,kr,70101.26,PUBG,Battle Royale
Bo Hyun,Kim,YaKK,kr,67744.43,PUBG,Battle Royale
Qicheng,Chen,BoLiang,cn,67742.92,PUBG,Battle Royale
Xin,Lin,L1nnnn,cn,67742.92,PUBG,Battle Royale
Ruilong,Deng,LongSkr,cn,67742.92,PUBG,Battle Royale
Do-gyeong,Kim,DoYa,kr,67687.33,PUBG,Battle Royale
Gustav,Blønd,GustavQQ,dk,66517.5,PUBG,Battle Royale
Bohang,Li,JiaoYang,cn,64373.86,PUBG,Battle Royale
-,-,Tide,cn,64304.93,PUBG,Battle Royale
-,-,DG98,kr,64255.11,PUBG,Battle Royale
Tristan,Nowicky,Shrimzy,us,63736.69,PUBG,Battle Royale
Yu-Ze,Sun,CPT,cn,63636.03,PUBG,Battle Royale
Adrian,Blom,Haxete,se,62654.51,PUBG,Battle Royale
-,-,DouM,cn,62114.15,PUBG,Battle Royale
-,-,DJBOY,cn,62114.15,PUBG,Battle Royale
Mathias,Larsen,Larsen,dk,61350.0,PUBG,Battle Royale
Hyun Woo,Yoon,yoonroot,kr,59165.88,PUBG,Battle Royale
Hữu Đoàn,Nguyễn,Leviz,vn,58725.83,PUBG,Battle Royale
-,-,LinShuNN,cn,58710.01,PUBG,Battle Royale
Alexey,Trufanov,0nuqtive,ru,58458.75,PUBG,Battle Royale
Xin-hao,Pan,BaoLeiNB,cn,58381.6,PUBG,Battle Royale
Cedrik,Lessard,DrasseL,ca,58295.94,PUBG,Battle Royale
Pengcheng,Wang,jiaozhu,cn,57157.65,PUBG,Battle Royale
Boyuan,Wang,Wang88,cn,56537.65,PUBG,Battle Royale
Gil Do,Lee,Temeria,kr,56496.7,PUBG,Battle Royale
-,-,Qmccc,cn,55099.91,PUBG,Battle Royale
Jace,Patras,Voxsic,us,53388.44,PUBG,Battle Royale
Patrick,Kaplan,PAT KAPS,us,51048.44,PUBG,Battle Royale
-,-,Dongdong,cn,50678.6,PUBG,Battle Royale
Seung Sun,Lee,shadow,kr,50137.37,PUBG,Battle Royale
Magnus,Hartmann,udyRR,de,49761.3,PUBG,Battle Royale
René,Rehling,Braexco,de,49471.55,PUBG,Battle Royale
Michael,Wake,mykLe,gb,49287.5,PUBG,Battle Royale
-,-,067QAQ,cn,48617.5,PUBG,Battle Royale
-,-,Makne,kr,48503.23,PUBG,Battle Royale
Katanyu,Chinsorranan,DUCKMANZ,th,47602.61,PUBG,Battle Royale
Sebastian,Berendt,BALLOC,dk,47090.0,PUBG,Battle Royale
Jake,Winant,Snakers,us,47078.32,PUBG,Battle Royale
Zhengzheng,Chen,Cat,cn,465685.85,Arena of Valor,Multiplayer Online Battle Arena
Guixin,Guo,NuoYan,cn,416162.04,Arena of Valor,Multiplayer Online Battle Arena
Tianlong,Wang,Alan,cn,399019.18,Arena of Valor,Multiplayer Online Battle Arena
Siyuan,Luo,HuaHai,cn,399019.18,Arena of Valor,Multiplayer Online Battle Arena
Cong,Zhang,Wuming,cn,399019.18,Arena of Valor,Multiplayer Online Battle Arena
Xuân Bách,Trần,XB,vn,152734.63,Arena of Valor,Multiplayer Online Battle Arena
Quang Hiệp,Trần,ProE,vn,143598.03,Arena of Valor,Multiplayer Online Battle Arena
Sanpett,Marat,FirstOne,th,135749.99,Arena of Valor,Multiplayer Online Battle Arena
Yunfei,Peng,Fly,cn,133558.02,Arena of Valor,Multiplayer Online Battle Arena
Shengqqin,Xia,Hurt,cn,133558.02,Arena of Valor,Multiplayer Online Battle Arena
Đức Chiến,Trần,ADC,vn,133380.96,Arena of Valor,Multiplayer Online Battle Arena
Hồng Quân,Phạm,Gau,vn,131670.38,Arena of Valor,Multiplayer Online Battle Arena
Sorawichaya,Mahavanakul,Isilindilz,th,131425.77,Arena of Valor,Multiplayer Online Battle Arena
Chun Sheng,Chang,Neil,tw,125644.94,Arena of Valor,Multiplayer Online Battle Arena
Tiến Đạt,Đinh,ĐạtKòiii,vn,122860.21,Arena of Valor,Multiplayer Online Battle Arena
Vatcharanan,Thaworn,Summer,th,122693.28,Arena of Valor,Multiplayer Online Battle Arena
Chang Hoon,Shin,JJak,kr,122650.01,Arena of Valor,Multiplayer Online Battle Arena
-,-,Nutalomlok,th,118657.27,Arena of Valor,Multiplayer Online Battle Arena
Ho Yeon,Lee,Rush,kr,117894.7,Arena of Valor,Multiplayer Online Battle Arena
Chou,Chung,Yuzon,tw,115644.94,Arena of Valor,Multiplayer Online Battle Arena
Ting Jui,Chen,Winds,tw,113262.7,Arena of Valor,Multiplayer Online Battle Arena
Do Yeop,Kim,HAK,kr,111710.36,Arena of Valor,Multiplayer Online Battle Arena
Sun Woo,Kim,Sun,kr,111582.45,Arena of Valor,Multiplayer Online Battle Arena
Nsu Yu,Lin,Star,tw,110644.94,Arena of Valor,Multiplayer Online Battle Arena
Chien Ting,Chen,Benny,tw,110644.94,Arena of Valor,Multiplayer Online Battle Arena
-,-,Song,cn,108311.67,Arena of Valor,Multiplayer Online Battle Arena
Chayut,Suebka,007x,th,98723.19,Arena of Valor,Multiplayer Online Battle Arena
Parit,Pornrattanapitak,Difoxn,th,90798.66,Arena of Valor,Multiplayer Online Battle Arena
-,-,770,cn,89669.63,Arena of Valor,Multiplayer Online Battle Arena
Eikapong,Korhonen,Tony,th,86881.37,Arena of Valor,Multiplayer Online Battle Arena
-,-,Snow,cn,86666.67,Arena of Valor,Multiplayer Online Battle Arena
Siwa,Noomai,JOMWick,th,74492.23,Arena of Valor,Multiplayer Online Battle Arena
Hyung Min,Kim,Chaser,kr,71604.67,Arena of Valor,Multiplayer Online Battle Arena
-,-,YANG,cn,66666.67,Arena of Valor,Multiplayer Online Battle Arena
-,-,行星,cn,65922.73,Arena of Valor,Multiplayer Online Battle Arena
-,-,轻雨,cn,65922.73,Arena of Valor,Multiplayer Online Battle Arena
-,-,久龙,cn,65922.73,Arena of Valor,Multiplayer Online Battle Arena
-,-,北岛,cn,65922.73,Arena of Valor,Multiplayer Online Battle Arena
-,-,暮色,cn,65922.73,Arena of Valor,Multiplayer Online Battle Arena
-,-,久诚,cn,65922.73,Arena of Valor,Multiplayer Online Battle Arena
-,-,月色,cn,65922.73,Arena of Valor,Multiplayer Online Battle Arena
-,-,柠栀,cn,65922.73,Arena of Valor,Multiplayer Online Battle Arena
-,-,最初,cn,65922.73,Arena of Valor,Multiplayer Online Battle Arena
-,-,尘夏,cn,65922.73,Arena of Valor,Multiplayer Online Battle Arena
-,-,阿可,cn,65922.73,Arena of Valor,Multiplayer Online Battle Arena
Metasit,Leelapipatkul,Moowan,th,61228.35,Arena of Valor,Multiplayer Online Battle Arena
Satittirat,Chetnarong,Overfly,th,58200.95,Arena of Valor,Multiplayer Online Battle Arena
-,-,NingZhi,cn,58160.23,Arena of Valor,Multiplayer Online Battle Arena
-,-,JiuLong,cn,58160.23,Arena of Valor,Multiplayer Online Battle Arena
-,-,JiuC,cn,58160.23,Arena of Valor,Multiplayer Online Battle Arena
-,-,ChenXia,cn,58160.23,Arena of Valor,Multiplayer Online Battle Arena
-,-,ZuiChu,cn,58160.23,Arena of Valor,Multiplayer Online Battle Arena
Sorachat,Janechaijitravanit,Getsrch,th,57378.78,Arena of Valor,Multiplayer Online Battle Arena
-,-,BLUENOPING,th,56270.18,Arena of Valor,Multiplayer Online Battle Arena
Kawee,Wachiraphas,MeMarkz,th,55685.67,Arena of Valor,Multiplayer Online Battle Arena
Pakinai,Srivijarn,kSsA,th,54159.21,Arena of Valor,Multiplayer Online Battle Arena
Sorawat,Boonphrom,Moss,th,54156.23,Arena of Valor,Multiplayer Online Battle Arena
Piyapong,Proathaisong,Taoz,th,52118.54,Arena of Valor,Multiplayer Online Battle Arena
Patara,Bhatarabhirom,Cherie,th,51203.24,Arena of Valor,Multiplayer Online Battle Arena
Nutdanai,Rungruang,MrSunz,th,47549.95,Arena of Valor,Multiplayer Online Battle Arena
-,-,Giao,cn,46891.35,Arena of Valor,Multiplayer Online Battle Arena
-,-,Munez,th,46641.1,Arena of Valor,Multiplayer Online Battle Arena
Pasu,Yensabai,Erez,th,46258.63,Arena of Valor,Multiplayer Online Battle Arena
Methus,Meechom,Nt,th,45995.54,Arena of Valor,Multiplayer Online Battle Arena
Sirichai,Sukpan,ReMix,th,44916.44,Arena of Valor,Multiplayer Online Battle Arena
Pakkapon,Saethong,IpodPro,th,44591.96,Arena of Valor,Multiplayer Online Battle Arena
-,-,Mojo,cn,43264.58,Arena of Valor,Multiplayer Online Battle Arena
-,-,Chichi,tw,42482.43,Arena of Valor,Multiplayer Online Battle Arena
-,-,Genji,tw,42482.43,Arena of Valor,Multiplayer Online Battle Arena
-,-,Hanzo,tw,42482.43,Arena of Valor,Multiplayer Online Battle Arena
-,-,Liang,tw,42482.43,Arena of Valor,Multiplayer Online Battle Arena
-,-,Sirenia,tw,42482.43,Arena of Valor,Multiplayer Online Battle Arena
Denchai,Eampaojeen,JameCo,th,41144.36,Arena of Valor,Multiplayer Online Battle Arena
Aum,Chatchanapong,Happy,th,40376.87,Arena of Valor,Multiplayer Online Battle Arena
Hsing Cheng,Lu,Heroes,tw,38892.33,Arena of Valor,Multiplayer Online Battle Arena
-,-,六点六,cn,36171.67,Arena of Valor,Multiplayer Online Battle Arena
-,-,小兽,cn,36171.67,Arena of Valor,Multiplayer Online Battle Arena
-,-,小剑,cn,36171.67,Arena of Valor,Multiplayer Online Battle Arena
-,-,居居,cn,36171.67,Arena of Valor,Multiplayer Online Battle Arena
-,-,Core,kr,35049.38,Arena of Valor,Multiplayer Online Battle Arena
-,-,PS Man,vn,34811.67,Arena of Valor,Multiplayer Online Battle Arena
Matt,Stover,Mts,us,34190.6,Arena of Valor,Multiplayer Online Battle Arena
Chi Kang,Chuang,XiXi,tw,33892.33,Arena of Valor,Multiplayer Online Battle Arena
Sung Lin,Hsieh,Wayn,tw,33892.33,Arena of Valor,Multiplayer Online Battle Arena
-,-,Lulala,tw,33333.33,Arena of Valor,Multiplayer Online Battle Arena
Hyo Jong,Kim,horror,kr,31489.38,Arena of Valor,Multiplayer Online Battle Arena
-,-,JY,kr,31489.38,Arena of Valor,Multiplayer Online Battle Arena
-,-,YK,kr,29676.0,Arena of Valor,Multiplayer Online Battle Arena
-,-,Xuan,my,28860.0,Arena of Valor,Multiplayer Online Battle Arena
-,-,Sweet,kr,28816.0,Arena of Valor,Multiplayer Online Battle Arena
Chanapol,Siri,Sky,th,28083.35,Arena of Valor,Multiplayer Online Battle Arena
-,-,KOKO,cn,27580.07,Arena of Valor,Multiplayer Online Battle Arena
Chattrakarn,Parichatkun,Erl2oR,th,27074.4,Arena of Valor,Multiplayer Online Battle Arena
-,-,Chen,cn,26695.5,Arena of Valor,Multiplayer Online Battle Arena
Yu-Yan,Su,GaDuo,tw,26666.67,Arena of Valor,Multiplayer Online Battle Arena
Tseng-Yung,Chun,Kato,tw,26666.67,Arena of Valor,Multiplayer Online Battle Arena
En Hao,Chen,Gua,tw,26666.67,Arena of Valor,Multiplayer Online Battle Arena
-,-,Rain,tw,26645.0,Arena of Valor,Multiplayer Online Battle Arena
Komklit,Wongsawat,O7T-V1,th,25941.03,Arena of Valor,Multiplayer Online Battle Arena
-,-,139,cn,24171.67,Arena of Valor,Multiplayer Online Battle Arena
Thijs,Molendijk,Thijs,nl,491418.66,Hearthstone,Collectible Card Game
Wei Lin,Chen,tom60229,tw,442877.87,Hearthstone,Collectible Card Game
Pavel,Beltiukov,Pavel,ru,347798.0,Hearthstone,Collectible Card Game
Casper,Notto,Hunterace,no,341931.16,Hearthstone,Collectible Card Game
Jung Soo,Kim,Surrender,kr,316781.57,Hearthstone,Collectible Card Game
Raphael,Peltzer,BunnyHoppor,de,312987.23,Hearthstone,Collectible Card Game
Bin,Zhou,Jasonzhou,cn,296734.75,Hearthstone,Collectible Card Game
-,-,XHope,cn,293345.18,Hearthstone,Collectible Card Game
Jon,Westberg,Orange,se,291115.88,Hearthstone,Collectible Card Game
Frank,Zhang,fr0zen,us,284382.26,Hearthstone,Collectible Card Game
Brian,Eason,bloodyface,us,279875.0,Hearthstone,Collectible Card Game
Aleksandr,Malsh,Kolento,ua,273654.46,Hearthstone,Collectible Card Game
James,Kostesich,Firebat,us,269053.1,Hearthstone,Collectible Card Game
Sato,Kenta,glory,jp,238550.0,Hearthstone,Collectible Card Game
Xiao Meng,Li,Liooon,cn,238010.0,Hearthstone,Collectible Card Game
David,Caero,Dog,us,229488.39,Hearthstone,Collectible Card Game
Torben,Wahl,Viper,de,227550.0,Hearthstone,Collectible Card Game
Ryan,Murphy-Root,Purple,ca,220418.33,Hearthstone,Collectible Card Game
Artem,Kravets',DrHippi,ua,210416.67,Hearthstone,Collectible Card Game
Dima,Radu,Rdu,ro,204049.56,Hearthstone,Collectible Card Game
Euneil,Javiñas,Staz,ph,193860.89,Hearthstone,Collectible Card Game
Frederik Høj,Nielsen,Hoej,dk,171767.15,Hearthstone,Collectible Card Game
Vladislav,Sinotov,SilverName,ru,170027.04,Hearthstone,Collectible Card Game
Muzahidul,I.,Muzzy,us,167590.47,Hearthstone,Collectible Card Game
Xieyu,Wang,Tiddler Celestial,cn,165348.34,Hearthstone,Collectible Card Game
Jaromír,Vyskočil,Jarla,cz,162017.51,Hearthstone,Collectible Card Game
Sebastian,Bentert,Xixo,de,156103.11,Hearthstone,Collectible Card Game
Kaan,Çekli,Fujitora,tr,155778.27,Hearthstone,Collectible Card Game
Sebastian,Engwall,Ostkaka,se,153199.92,Hearthstone,Collectible Card Game
David,Shan,JustSaiyan,us,153062.5,Hearthstone,Collectible Card Game
Eddie,Lui,Seohyun,ca,151117.2,Hearthstone,Collectible Card Game
Lin,Zheng,OmegaZero,cn,139425.79,Hearthstone,Collectible Card Game
Adrian,Koy,Lifecoach,de,136530.19,Hearthstone,Collectible Card Game
Hyun Jae,Jang,Dawn,kr,135189.54,Hearthstone,Collectible Card Game
Cheon Su,Kim,Che0nsu,kr,133715.0,Hearthstone,Collectible Card Game
Guan,Zhendong,Jing,cn,131560.0,Hearthstone,Collectible Card Game
-,-,Leaoh,cn,125458.59,Hearthstone,Collectible Card Game
Bohan,Zhang,Lovelychook,cn,122179.36,Hearthstone,Collectible Card Game
Kevin,Eberlein,Casie,de,121712.5,Hearthstone,Collectible Card Game
Théo,Dumont,Felkeine,fr,121255.92,Hearthstone,Collectible Card Game
Eugene,Shumilin,Neirea,ua,121248.17,Hearthstone,Collectible Card Game
Alexey,Barsukov,ShtanUdachi,ru,117466.67,Hearthstone,Collectible Card Game
William,Barton,Amnesiac,us,114725.0,Hearthstone,Collectible Card Game
Jerome,Faucher,Monsanto,ca,110925.0,Hearthstone,Collectible Card Game
Paul,Nemeth,Zalae,us,110141.67,Hearthstone,Collectible Card Game
Cong,Shu,StrifeCro,us,106314.27,Hearthstone,Collectible Card Game
Mihai,Dragalin,languagehacker,ca,102887.5,Hearthstone,Collectible Card Game
Bo,Li,LiBo,cn,100759.37,Hearthstone,Collectible Card Game
Julien,Perrault-Harvey,Cydonia,ca,97593.92,Hearthstone,Collectible Card Game
Il Mook,Kang,handsomeguy,kr,97479.0,Hearthstone,Collectible Card Game
Shengyuan,Luo,Roger,tw,96719.1,Hearthstone,Collectible Card Game
Chris,Tsakopoulos,Fenomeno,gr,94073.0,Hearthstone,Collectible Card Game
Edwin,Cook,HotMEOWTH,us,91550.0,Hearthstone,Collectible Card Game
Juwei,Wu,XiaoT,cn,89346.12,Hearthstone,Collectible Card Game
Tsu Lin,Tsao,SamuelTsao,tw,89250.0,Hearthstone,Collectible Card Game
Kacper,Kwieciński,A83650,pl,87636.14,Hearthstone,Collectible Card Game
Zong Chang,Wu,BloodTrail,tw,86250.0,Hearthstone,Collectible Card Game
Wataru,Ishibashi,posesi,jp,84196.0,Hearthstone,Collectible Card Game
Zakarya,Hail,xBlyzes,fr,83373.91,Hearthstone,Collectible Card Game
Francisco,Leimontas,PNC,ar,82409.24,Hearthstone,Collectible Card Game
Tsz Kin,Lo,kin0531,hk,81932.0,Hearthstone,Collectible Card Game
George,Webb,BoarControl,gb,80924.07,Hearthstone,Collectible Card Game
Keaton,Gill,Chakki,us,80338.22,Hearthstone,Collectible Card Game
Ole,Batyrbekov,Naiman,kz,79671.53,Hearthstone,Collectible Card Game
Tyler,Hoang Nguyen,Tylerootd,nl,78375.0,Hearthstone,Collectible Card Game
Jan,Janßen,SuperJJ,de,77943.68,Hearthstone,Collectible Card Game
-,-,DocPwn,ca,77433.33,Hearthstone,Collectible Card Game
Yashima,Nozomi,Alutemu,jp,76675.0,Hearthstone,Collectible Card Game
Thomas,Zimmer,Sintolol,de,76346.78,Hearthstone,Collectible Card Game
Songyang,Zhao,Hamster,cn,74382.47,Hearthstone,Collectible Card Game
David,Acosta,killinallday,us,73575.0,Hearthstone,Collectible Card Game
Jeffrey,Shih,Trump,us,72637.5,Hearthstone,Collectible Card Game
Facu,Pruzzo,Nalguidan,ar,70750.0,Hearthstone,Collectible Card Game
Edward,Goodwin,Gallon213,us,70216.0,Hearthstone,Collectible Card Game
Chen,Yuxiang,Breath,cn,69487.73,Hearthstone,Collectible Card Game
-,-,Yueying,cn,68162.5,Hearthstone,Collectible Card Game
Jack,Bancroft,DeadDraw,gb,67950.0,Hearthstone,Collectible Card Game
Stanislav,Cifka,StanCifka,cz,67096.88,Hearthstone,Collectible Card Game
Baek,Hak Jun,Kranich,kr,66835.51,Hearthstone,Collectible Card Game
Hyun Soo,Cho,Flurry,kr,66730.8,Hearthstone,Collectible Card Game
Martin,Prête,Zhym,fr,65702.33,Hearthstone,Collectible Card Game
Louis,Bremers,Mitsuhide,nl,64140.31,Hearthstone,Collectible Card Game
Michael,Luker,Luker,ca,63000.0,Hearthstone,Collectible Card Game
Jason,Chan,Amaz,hk,62704.15,Hearthstone,Collectible Card Game
Jeffrey,Liu,Tarei,us,62454.4,Hearthstone,Collectible Card Game
Jan,Palys,Ek0p,de,60165.48,Hearthstone,Collectible Card Game
Xiao,Feng,Icefox,cn,59309.9,Hearthstone,Collectible Card Game
Sang Hyeon,Baek,DDaHyoNi,kr,58436.0,Hearthstone,Collectible Card Game
Dylan,Mullins,Hotform,ca,56250.0,Hearthstone,Collectible Card Game
Chun Pong,Ng,Yulsic,hk,54812.0,Hearthstone,Collectible Card Game
Li,Heyang,Sword,cn,54320.72,Hearthstone,Collectible Card Game
Simon,Raunholst,Crane,dk,53526.12,Hearthstone,Collectible Card Game
Anthony,Trevino,Ant,us,52375.0,Hearthstone,Collectible Card Game
-,-,Trunks,cn,51231.7,Hearthstone,Collectible Card Game
Petar,Stevanovic,Gaara,de,51059.59,Hearthstone,Collectible Card Game
Janne,Mikkonen,Savjz,fi,50734.44,Hearthstone,Collectible Card Game
Drew,Biessener,Tidesoftime,us,50449.6,Hearthstone,Collectible Card Game
Simone,Liguori,Leta,it,49300.0,Hearthstone,Collectible Card Game
Mike,Eichner,Ike,us,48550.0,Hearthstone,Collectible Card Game
Jeffrey,Brusi,SjoW,se,47973.61,Hearthstone,Collectible Card Game
